INSERT INTO `users` (`id`, `first_name`, `last_name`, `email`, `password`, `isactive`, `settings`, `dt`, `last_login`) VALUES
(1, 'Test', 'User', 'test@example.com', '$2y$11$Ts2uo7kg4fMQHBaZvX0w5.aWEmha9sS2PzhRngjNUrKReNIS1NS.2', 1, NULL, '2018-03-02 12:13:39', NULL);

INSERT INTO `theory_dsa_sections` (`section`, `name`, `free`) VALUES
(1, 'Alertness', 1),
(2, 'Attitude', 0),
(3, 'Safety and your vehicle', 0),
(4, 'Safety margins', 0),
(5, 'Hazard awareness', 0),
(6, 'Vulnerable road users', 0),
(7, 'Other types of vehicle', 0),
(8, 'Vehicle handling', 0),
(9, 'Motorway rules', 0),
(10, 'Rules of the road', 0),
(11, 'Road and traffic signs', 0),
(12, 'Documents', 0),
(13, 'Incidents and accidents', 0),
(14, 'Vehicle loading', 0);

INSERT INTO `theory_case_studies` (`casestudyno`, `cssituation`, `type`, `dsacat`, `lp`, `free`) VALUES
(1, 'It''s a bright winter''s morning and George has just finished a very tiring 12 hour night shift at work. His journey home is quite boring, as he has to travel on the motorway for most of it. The motorway is very busy so, as the traffic is only moving slowly, he uses his mobile phone to call his wife to let her know he will be late home. During the journey George starts to feel quite sleepy. George is wearing his sunglasses.', 'car', 1, 1, 0),
(2, 'Laura is driving in a busy town centre, it is raining and there is a lot of surface water and large puddles at the side of the road. There is a bus parked at a bus stop allowing passengers to disembark. As Laura is passing the stationary bus it starts to move away from the side of the road without indicating. Further along Laura can see a cyclist in the cycle lane approaching the junction where she wants to turn left. As Laura turns left into the junction she can see there is a large oncoming vehicle coming down the hill and there is also a vehicle parked on the left.', 'car', 2, 1, 0),
(3, 'Helen has been to visit her sister in the country. She decides to leave for home in the early evening. It is a very cold and frosty evening with ice already forming on the windscreen. Helen''s journey will take her along a winding country road with a couple of sharp bends and double white lines down the middle. As Helen brakes to slow down her car pulls to one side.', 'car', 3, 1, 0);

INSERT INTO `theory_hc_sections` (`section`, `name`, `free`) VALUES
(1, 'Road user rules 1-102', 1),
(2, 'General rules 103-126', 0),
(3, 'General rules 127-158', 0),
(4, 'Using the road 159-203', 0),
(5, 'Vulnerable users 204-225', 0),
(6, 'Weather &amp; Parking 226-252', 0),
(7, 'Motorways rules 253-273', 0),
(8, 'Other rules 274-307', 0),
(9, 'Signals &amp; signs 1', 0),
(10, 'Signs 2 &amp; markings', 0),
(11, 'Annexes 1-8', 0),
(12, 'Supp. notes 1-15', 0),
(13, 'Supp. notes 16-30', 0),
(14, 'Supp. notes 31-41', 0);

INSERT INTO `theory_l2d_sections` (`section`, `name`, `free`) VALUES
(1, 'Pre-driving requirements', 1),
(2, 'Moving off &amp; stopping', 0),
(3, 'Accidents &amp; basic hazards', 0),
(4, 'Manoeuvres &amp; signs', 0),
(5, 'Emergencies &amp; speed', 0),
(6, 'Junctions', 0),
(7, 'Dealing with traffic', 0),
(8, 'Following &amp; overtaking', 0),
(9, 'Alertness &amp; meeting traffic', 0),
(10, 'Pedestrian crossings', 0),
(11, 'Hazardous conditions', 0),
(12, 'Motorways / Dual carriageways', 0);

INSERT INTO `theory_questions_2016` (`prim`, `dsacat`, `dsaqposition`, `ldclessonno`, `ldcqno`, `hcsection`, `hcqposition`, `hcrule1`, `hcrule2`, `hcrule3`, `question`, `mark`, `tickamount`, `option1`, `option2`, `option3`, `option4`, `option5`, `option6`, `answer1`, `answer2`, `answer3`, `answer4`, `answer5`, `answer6`, `answerletters`, `type`, `carquestion`, `bikequestion`, `dsaimageid`, `excludesni`, `format`, `explanation`, `dsaexplanation`, `casestudyno`, `caseqposition`, `alertcasestudy`, `mocktestcarno`, `mocktestcarqposition`, `mocktestbikeno`, `mocktestbikeqposition`) VALUES
(19, 2, 4, 11, 4, 2, 13, 112, NULL, NULL, 'What should you use your horn for?', 1, 4, 'To alert others to your presence', 'To allow you right of way', 'To greet other road users', 'To signal your annoyance', NULL, NULL, 'Y', NULL, NULL, NULL, NULL, NULL, 'A', 'BOTH', 'Y', 'Y', NULL, NULL, 0, 'The horn should be used to warn others of your presence.', 'Your horn must not be used between 11.30 pm and 7 am in a built-up area or when you are stationary, unless a moving vehicle poses a danger. Its function is to alert other road users to your presence.', NULL, NULL, NULL, 1, 32, 1, 32),
(31, 2, 1, 10, 5, 1, 6, 80, NULL, NULL, 'At which type of crossing are cyclists allowed to ride across with pedestrians?', 1, 4, 'Toucan', 'Puffin', 'Pelican', 'Zebra', NULL, NULL, 'Y', NULL, NULL, NULL, NULL, NULL, 'A', 'BOTH', 'Y', 'Y', NULL, NULL, 0, 'Cyclists share a Toucan crossing with pedestrians. They do not have to dismount.', 'A toucan crossing is designed to allow pedestrians and cyclists to cross at the same time. Look out for cyclists approaching the crossing at speed.', NULL, NULL, NULL, 1, 43, 1, 43),
(70, 5, 26, 9, 38, 5, 48, 22, NULL, NULL, 'What type of vehicle could you expect to meet in the middle of the road?', 1, 4, 'Lorry', 'Bicycle', 'Car', 'Motorcycle', NULL, NULL, 'Y', NULL, NULL, NULL, NULL, NULL, 'A', 'BOTH', 'Y', 'Y', 1, NULL, 0, 'Large vehicles may need extra road space to turn or to deal with a hazard. When approaching a bridge be aware that large vehicles may be approaching in the middle of the road where the bridge is highest.', 'The highest point of the bridge is in the centre so a large vehicle might have to move to the centre of the road to allow it enough room to pass under the bridge.', NULL, NULL, NULL, 1, 22, 1, 22),
(103, 6, 41, 8, 32, 5, 25, 21, NULL, NULL, 'There is a slow-moving motorcyclist ahead of you. You are unsure what the rider is going to do. You should', 1, 4, 'pass on the left', 'pass on the right', 'stay behind', 'move closer', NULL, NULL, NULL, NULL, 'Y', NULL, NULL, NULL, 'C', 'BOTH', 'Y', 'Y', NULL, NULL, 0, 'Whenever you are unsure what another road user is going to do, keep back and give them time and space to do whatever they need to do.', 'If a motorcyclist is travelling slowly it may be that they are looking for a turning or entrance. Be patient and stay behind them in case they need to make a sudden change of direction.', NULL, NULL, NULL, 1, 23, 1, 23),
(112, 6, 1, 10, 1, 1, 1, 5, NULL, NULL, 'At night you see a pedestrian wearing reflective clothing and carrying a bright red light. What does this mean?', 1, 4, 'You are approaching roadworks', 'You are approaching an organised walk', 'You are approaching a slow-moving vehicle', 'You are approaching an accident blackspot', '', '', NULL, 'Y', NULL, NULL, NULL, NULL, 'B', 'BOTH', 'Y', 'Y', NULL, NULL, 0, 'People in organised walks at night should wear reflective clothing with the person at the front carrying a white light and the person at the back a red light.', 'The people on the walk should be keeping to the left, but don’t assume this. Pass slowly, make sure you have time to do so safely. Be aware that the pedestrians have their backs to you and may not know that you’re there.', NULL, NULL, NULL, 1, 45, 1, 45),
(118, 7, 19, 8, 49, 6, 41, 33, NULL, NULL, 'You are about to overtake a slow-moving motorcyclist. Which one of these signs would make you take special care?', 1, 4, 'Sign A', 'Sign B', 'Sign C', 'Sign D', NULL, NULL, 'Y', NULL, NULL, NULL, NULL, NULL, 'A', 'BOTH', 'Y', 'Y', NULL, NULL, 1, 'High-sided vehicles are affected by windy weather, but strong gusts can also blow a car, cyclist, motorcyclist or horse rider off course. This happens on open stretches of road exposed to strong crosswinds, or when passing bridges or gaps in hedges.', 'In windy weather, watch out for motorcyclists and also cyclists as they can be blown sideways into your path. When you pass them, leave plenty of room and check their position in your mirror before pulling back in.', NULL, NULL, NULL, 1, 9, 1, 9),
(182, 10, 46, 6, 2, 2, 1, 103, NULL, NULL, 'Signals are normally given by direction indicators and', 1, 4, 'brake lights', 'side lights', 'fog lights', 'interior lights', NULL, NULL, 'Y', NULL, NULL, NULL, NULL, NULL, 'A', 'CAR', 'Y', NULL, NULL, NULL, 0, 'Brake lights warn following drivers that you are slowing down or stopping.', 'Your brake lights will give an indication to traffic behind that you’re slowing down. Good anticipation will allow you time to check your mirrors before slowing.', NULL, NULL, NULL, 1, 35, NULL, NULL),
(190, 10, 3, 7, 6, 2, 6, 105, 115, NULL, 'You MUST stop when signalled to do so by a', 1, 4, 'motorcyclist', 'pedestrian', 'police officer', 'bus driver', 'A red traffic light', NULL, NULL, NULL, 'Y', NULL, NULL, NULL, 'C', 'BOTH', 'Y', 'Y', NULL, NULL, 0, 'You will be commiting an offence if you do not stop when signalled to do so by a police officer, a school crossing patrol or a red light.', 'Looking well ahead and ‘reading’ the road will help you to anticipate hazards. This will enable you to stop safely at traffic lights or if ordered to do so by an authorised person.', NULL, NULL, NULL, 1, 34, 1, 34),
(197, 10, 4, 3, 2, 2, 28, 115, NULL, NULL, 'You are travelling on a well-lit road at night in a built-up area. By using dipped headlights you will be able to', 1, 4, 'see further along the road', 'go at a much faster speed', 'switch to main beam quickly', 'be easily seen by others', '', '', NULL, NULL, NULL, 'Y', NULL, NULL, 'D', 'BOTH', 'Y', 'Y', NULL, NULL, 0, 'Dipped headlights make you more conspicuous in good daylight as well as poor visibility and darkness.', 'You may be difficult to see when you’re travelling at night, even on a well lit road. If you use dipped headlights rather than sidelights other road users will see you more easily.', NULL, NULL, NULL, 1, 30, 1, 30),
(208, 11, 79, 6, 55, 9, 41, 64, NULL, NULL, 'What does this sign mean?', 1, 4, 'Bend to the right', 'Road on the right closed', 'No traffic from the right', 'No right turn', NULL, NULL, NULL, NULL, NULL, 'Y', NULL, NULL, 'D', 'BOTH', 'Y', 'Y', 1, NULL, 0, 'Where changes of direction are prohibited a red bar across the face of the sign is used in addition to the red circle.', 'The ‘no right turn’ sign may be used to warn road users that there is a ‘no entry’ prohibition on a road to the right ahead.', NULL, NULL, NULL, 1, 15, 1, 15),
(231, 11, 62, 6, 54, 9, 25, 35, NULL, NULL, 'Which shape is used for a ‘give way’ sign?', 1, 4, 'Shape A', 'Shape B', 'Shape C', 'Shape D', '', '', NULL, NULL, NULL, 'Y', NULL, NULL, 'D', 'BOTH', 'Y', 'Y', NULL, NULL, 1, 'Triangular signs give warnings. The Give Way sign is unique in that it is an upside down triangle.', 'Other warning signs are the same shape and colour, but the ‘give way’ sign triangle points downwards. When you see this sign you MUST give way to traffic on the road which you are about to enter.', NULL, NULL, NULL, 1, 6, 1, 6),
(249, 11, 89, 7, 55, 10, 7, 82, 74, NULL, 'What information would be shown in a triangular road sign?', 1, 4, 'Road narrows', 'Ahead only', 'Keep left', 'Minimum speed', 'Children crossing', 'T-junction', 'Y', NULL, NULL, NULL, NULL, NULL, 'A', 'BOTH', 'Y', 'Y', 1, NULL, 0, 'Triangular road signs give a warning of a hazard ahead.', 'Warning signs are there to make you aware of potential hazards on the road ahead. Act on the signs so you are prepared and can take whatever action is necessary.', NULL, NULL, NULL, 1, 14, 1, 14),
(263, 11, 106, 8, 58, 10, 26, 40, NULL, NULL, 'What does this sign mean?', 1, 4, 'Two-way traffic ahead across a one-way road', 'Traffic approaching you has priority', 'Two-way traffic straight ahead', 'Motorway contraflow system ahead', '', '', NULL, NULL, 'Y', NULL, NULL, NULL, 'C', 'BOTH', 'Y', 'Y', 1, NULL, 0, 'Triangular road signs give a warning of a hazard ahead. You will usually see this sign as you are leaving a dual carriageway or a one way street.', 'This sign may be at the end of a dual carriageway or a one-way street. It is there to warn you of oncoming traffic.', NULL, NULL, NULL, 1, 13, 1, 13),
(279, 11, 143, 4, 75, 12, 70, 91, NULL, NULL, 'Which is the sign for a ring road?', 1, 4, 'Sign A', 'Sign B', 'Sign C', 'Sign D', NULL, NULL, NULL, NULL, 'Y', NULL, NULL, NULL, 'C', 'BOTH', 'Y', 'Y', NULL, NULL, 1, 'You will find this sign with an R on a green background at intervals alongside the road, indicating that you are travelling on the Ring Road.', 'Ring roads are designed to relieve congestion in towns and city centres.', NULL, NULL, NULL, 1, 2, 1, 2),
(284, 5, 29, 3, 40, 8, 42, 88, 89, 90, 'When entering a contraflow system, you should ', 1, 4, 'choose an appropriate lane in good time ', 'switch lanes at any time to make progress', 'increase speed to pass through quickly', 'follow other motorists closely to avoid long queues', 'increase speed to pass through quickly', 'follow other motorists closely to avoid long queues', 'Y', NULL, NULL, NULL, NULL, NULL, 'A', 'BOTH', 'Y', 'Y', NULL, NULL, 0, 'When driving through roadworks you must not exceed any temporary maximum speed limit. Use your mirrors, reduce speed and get into the correct lane for your vehicle in good time. Remember to maintain a safe separation distance.', 'In a contraflow system you will be travelling close to oncoming traffic and sometimes in narrow lanes. You should obey the temporary speed limit signs, get into the correct lane at the proper time and keep a safe separation distance from the vehicle ahead. When traffic is at a very low speed, merging in turn is recommended if it’s safe and appropriate.', NULL, NULL, NULL, 1, 17, 1, 17),
(335, 13, 14, 3, 38, 8, 24, 28, NULL, NULL, 'You''re the first person to arrive at an incident where people are badly injured. You’ve switched on your hazard lights and checked all engines are stopped. What else should you do?', 1, 4, 'Make sure that an ambulance is called for', 'Stop other cars and ask the drivers for help', 'Try and get people who are injured to drink something', 'Move the people who are injured clear of their vehicles', 'Get people who are not injured clear of the scene', NULL, 'Y', NULL, NULL, NULL, NULL, NULL, 'A', 'BOTH', 'Y', 'Y', NULL, NULL, 0, 'If you arrive at the scene of an accident use your hazard warning lights to warn other traffic, ask drivers to switch off their engines and stop smoking and arrange for the emergency services to be called immediately. Get uninjured people clear of the scene.', 'If you’re the first to arrive at a crash scene the first concerns are the risk of further collision and fire. Ensuring that vehicle engines are switched off will reduce the risk of fire. Use hazard warning lights so that other traffic knows there’s a need for caution. Make sure the emergency services are contacted, don’t assume this has already been done.', NULL, NULL, NULL, 1, 18, 1, 18),
(376, 6, 3, 9, 1, 1, 2, 35, NULL, NULL, 'The left-hand pavement is closed due to street repairs. What should you do?', 1, 4, 'Watch out for pedestrians walking in the road', 'Use your right-hand mirror more often', 'Speed up to get past the roadworks quicker', 'Position close to the left-hand kerb', '', '', 'Y', NULL, NULL, NULL, NULL, NULL, 'A', 'BOTH', 'Y', 'Y', NULL, NULL, 0, 'Where a pavement is closed pedestrians may step into the road or try to cross where it is not safe.', 'Where street repairs have closed off pavements, proceed carefully and slowly as pedestrians might have to walk in the road.', NULL, NULL, NULL, 1, 44, 1, 44),
(394, 8, 10, 11, 51, 6, 42, 34, 35, NULL, 'Why should you always reduce your speed when travelling in fog?', 1, 4, 'The brakes do not work as well', 'You will be dazzled by other headlights', 'The engine will take longer to warm up', 'It is more difficult to see events ahead', NULL, NULL, NULL, NULL, NULL, 'Y', NULL, NULL, 'D', 'BOTH', 'Y', 'Y', NULL, NULL, 0, 'Before entering fog check your mirrors then slow down. It will be more difficult to see events ahead.', 'You won’t be able to see as far ahead in fog  as you can on a clear day. You will need to reduce your speed so that, if a hazard looms out of the fog, you have the time and space to take avoiding action. Travelling in fog is hazardous. If you can, try and delay your journey until it has cleared.', NULL, NULL, NULL, 1, 20, 1, 20),
(446, 11, 44, 7, 52, 9, 2, 31, 93, NULL, 'At a junction you see this signal. It means', 1, 4, 'cars must stop', 'trams must stop', 'both trams and cars must stop', 'both trams and cars can continue', '', '', NULL, 'Y', NULL, NULL, NULL, NULL, 'B', 'BOTH', 'Y', 'Y', 1, NULL, 0, 'Diamond-shaped signs and white light signals give instructions to tram drivers only.', 'The white light shows that trams must stop, but the green light shows that other vehicles may go if the way is clear. You may not live in an area where there are trams but you should still learn the signs. You never know when you may go to a town with trams.', NULL, NULL, NULL, 1, 16, 1, 16),
(460, 2, 2, 5, 2, 2, 11, 110, NULL, NULL, 'You should ONLY flash your headlights to other road users', 1, 4, 'to show that you are giving way', 'to show that you are about to turn', 'to tell them that you have right of way', 'to let them know that you are there', NULL, NULL, NULL, NULL, NULL, 'Y', NULL, NULL, 'D', 'BOTH', 'Y', 'Y', NULL, NULL, 0, 'Only flash your headlights to let other road users know that you are there.', 'You should only flash your headlights to warn others of your presence. Don’t use them to greet others, show impatience or give  priority to other road users. They could misunderstand your signal.', NULL, NULL, NULL, 1, 33, 1, 33),
(466, 3, 45, 2, 11, 1, 59, 100, NULL, NULL, 'You are carrying two 13 year old children and their parents in your car. Who is responsible for seeing that the children wear seat belts?', 1, 4, 'The children’s parents', 'You, the driver', 'The front-seat passenger', 'The children', NULL, NULL, NULL, 'Y', NULL, NULL, NULL, NULL, 'B', 'CAR', 'Y', NULL, NULL, NULL, 0, 'The driver must ensure that all children under 14 years of age in cars, vans and other goods vehicles wear seat belts or sit in an approved child restraint where required.', 'Seat belts save lives and reduce the risk of injury. If you are carrying passengers under 14 years of age it’s your responsibility as the driver to ensure that their seat belts are fastened or they are seated in an approved child restraint.', NULL, NULL, NULL, 1, 36, NULL, NULL),
(468, 3, 39, 2, 8, 1, 55, 99, NULL, NULL, 'Car passengers MUST wear a seat belt/restraint if one is available, unless they are', 1, 4, 'under 14 years old', 'under 1.5 metres (5 feet) in height', 'sitting in the rear seat', 'exempt for medical reasons', '', '', NULL, NULL, NULL, 'Y', NULL, NULL, 'D', 'CAR', 'Y', NULL, NULL, NULL, 0, 'All car passengers must wear a seatbelt/restraint unless they hold a medical exemption certificate.', 'If you have adult passengers it is their responsibility to wear a seat belt, but you should still remind them to use them as they get in the car. It is your responsibility to ensure that all children in your car are secured with an appropriate restraint.', NULL, NULL, NULL, 1, 37, NULL, NULL),
(493, 1, 12, 12, 4, 1, 16, 91, NULL, NULL, 'On a long motorway journey boredom can cause you to feel sleepy. You should', 1, 4, 'play some loud music', 'stop on the hard shoulder for a rest', 'drive faster to complete your journey sooner', 'ensure a supply of fresh air into your vehicle', 'stop on the hard shoulder for a rest', NULL, NULL, NULL, NULL, 'Y', NULL, NULL, 'D', 'CAR', 'Y', NULL, NULL, NULL, 0, 'You must not stop on the motorway except in an emergency. Open the car windows, the fresh air will help to keep you alert.', 'Plan your journey to include suitable rest stops. You should take all possible precautions against feeling sleepy while driving. Any lapse of concentration could have serious consequences.', NULL, NULL, NULL, 1, 41, NULL, NULL),
(510, 3, 92, 1, 72, 12, 15, 90, NULL, NULL, 'New petrol-engined cars must be fitted with catalytic converters. The reason for this is to', 1, 4, 'control exhaust noise levels', 'prolong the life of the exhaust system', 'allow the exhaust system to be recycled', 'reduce harmful exhaust emissions', NULL, NULL, NULL, NULL, NULL, 'Y', NULL, NULL, 'D', 'CAR', 'Y', NULL, NULL, NULL, 0, 'A catalytic converter is a honeycombed filter fitted to the exhaust system. They reduce the harmful gases given out by the engine, such as exhaust emissions, their function is to act like a filter, removing some of the toxic waste.', 'We should all be concerned about the effect traffic has on our environment. Fumes from vehicles are polluting the air around us. Catalytic converters act like a filter, removing some of the toxic waste from exhaust gases.', NULL, NULL, NULL, 1, 11, NULL, NULL),
(526, 3, 37, 2, 3, 1, 46, 97, NULL, NULL, 'The most important reason for having a properly adjusted head restraint is to', 1, 4, 'make you more comfortable', 'help you to avoid neck injury', 'help you to relax', 'help you to maintain your driving position', '', '', NULL, 'Y', NULL, NULL, NULL, NULL, 'B', 'CAR', 'Y', NULL, NULL, NULL, 0, 'Head restraints, when properly adjusted, reduce the risk of neck and spine injuries in the event of a collision.', 'The restraint should be adjusted so that it gives maximum protection to the head and neck. This will help in the event of a rear-end collision.', NULL, NULL, NULL, 1, 38, NULL, NULL),
(528, 3, 75, 2, 76, 12, 12, 102, NULL, NULL, 'How can drivers help the environment? ', 1, 4, 'By accelerating harshly', 'By accelerating gently', 'By using leaded fuel', 'By driving faster', 'By harsh acceleration', 'By servicing your vehicle properly', NULL, 'Y', NULL, NULL, NULL, NULL, 'B', 'CAR', 'Y', NULL, NULL, NULL, 0, 'It is important that we all try to drive in such a way that is less harmful to the planet. Slow down and avoid rapid acceleration or harsh braking because this leads to increased fuel consumption.', 'Rapid acceleration and heavy braking lead to greater fuel consumption. They also increase wear and tear on your vehicle. Having your vehicle regularly serviced means your engine will maintain its efficiency, produce cleaner emissions and lengthen its life.', NULL, NULL, NULL, 1, 12, NULL, NULL),
(557, 4, 30, 11, 16, 2, 62, 121, NULL, NULL, 'You are driving along a country road. You see this sign. AFTER dealing safely with the hazard you should always', 1, 4, 'check your tyre pressures', 'switch on your hazard warning lights', 'accelerate briskly', 'test your brakes', NULL, NULL, NULL, NULL, NULL, 'Y', NULL, NULL, 'D', 'CAR', 'Y', NULL, 1, NULL, 0, 'After driving through deep water test your brakes. If your brakes are not fully effective after driving through, drive slowly whilst applying light pressure to the brake pedal to help dry them out.', 'Deep water can affect your brakes, so you should check that they’re working properly before you build up speed again. Before you do this, remember to check your mirrors and consider what’s behind you.', NULL, NULL, NULL, 1, 28, NULL, NULL),
(567, 4, 49, 11, 40, 6, 31, 23, NULL, NULL, 'You are trying to move off on snow. You should use', 1, 4, 'the lowest gear you can', 'the highest gear you can', 'a high engine speed', 'the handbrake and footbrake together', NULL, NULL, NULL, 'Y', NULL, NULL, NULL, NULL, 'B', 'CAR', 'Y', NULL, NULL, NULL, 0, 'You should drive at a slow speed in as high a gear as possible; accelerate and brake very gently when driving or moving off in snow.', 'If you attempt to move off in a low gear, such as first, the engine will rev at a higher speed. This could cause the wheels to spin and dig further into the snow.', NULL, NULL, NULL, 1, 21, NULL, NULL),
(615, 6, 64, 4, 17, 4, 100, 20, NULL, NULL, 'You are about to reverse into a side road. A pedestrian wishes to cross behind you. You should', 1, 4, 'wave to the pedestrian to stop', 'give way to the pedestrian', 'wave to the pedestrian to cross', 'reverse before the pedestrian starts to cross', NULL, NULL, NULL, 'Y', NULL, NULL, NULL, NULL, 'B', 'CAR', 'Y', NULL, NULL, NULL, 0, 'Watch out for pedestrians crossing a road into which you are turning. If they have started to cross they have priority, so give way.', 'If you need to reverse into a side road try to find a place that’s free from traffic and pedestrians. Look all around before and during the manoeuvre. Stop and give way to any pedestrians who want to cross behind you. Avoid waving them across, sounding the horn, flashing your lights or giving any misleading signals that could lead  them into a dangerous situation.', NULL, NULL, NULL, 1, 24, NULL, NULL),
(623, 6, 60, 5, 28, 3, 56, 52, NULL, NULL, 'You are driving past parked cars. You notice a bicycle wheel sticking out between them. What should you do?', 1, 4, 'Accelerate past quickly and sound your horn', 'Slow down and wave the cyclist across', 'Brake sharply and flash your headlights', 'Slow down and be prepared to stop for a cyclist', '', '', NULL, NULL, NULL, 'Y', NULL, NULL, 'D', 'CAR', 'Y', NULL, NULL, NULL, 0, 'When passing a line of parked cars be on the look out for pedestrians stepping out between the cars, car doors opening and any of the cars moving off. Be prepared to slow down and stop.', 'Scan the road as you drive. Try to anticipate hazards by being aware of the places where they are likely to occur. You’ll then be able to react in good time, if necessary.', NULL, NULL, NULL, 1, 26, NULL, NULL),
(633, 7, 21, 8, 16, 4, 14, 63, 32, NULL, 'It is very windy. You are about to overtake a motorcyclist. You should', 1, 4, 'overtake slowly', 'allow extra room', 'sound your horn', 'keep close as you pass', NULL, NULL, NULL, 'Y', NULL, NULL, NULL, NULL, 'B', 'CAR', 'Y', NULL, NULL, NULL, 0, 'When overtaking give motorcyclists, cyclists and horse riders at least as much room as you would when overtaking a car. Where it is safe to allow a little extra room as well. Remember that cyclists may swerve to avoid an uneven road surface.', 'Crosswinds can blow a motorcyclist or cyclist across the lane. Passing too close could also cause a draught, unbalancing  the rider.', NULL, NULL, NULL, 1, 25, NULL, NULL),
(663, 8, 21, 6, 6, 2, 23, 114, NULL, NULL, 'You are driving with your front fog lights switched on. Earlier fog has now cleared. What should you do?', 1, 4, 'Leave them on if other drivers have their lights on', 'Switch them off as long as visibility remains good', 'Flash them to warn oncoming traffic that it is foggy', 'Drive with them on instead of your headlights', NULL, NULL, NULL, 'Y', NULL, NULL, NULL, NULL, 'B', 'CAR', 'Y', NULL, NULL, NULL, 0, 'Do not use front or rear fog lights unless visibility is reduced to less than 100 metres.', 'Switch off your fog lights if the weather improves, but be prepared to use them again if visibility reduces to less than 100 metres (328 feet).', NULL, NULL, NULL, 1, 31, NULL, NULL),
(673, 9, 54, 12, 9, 2, 37, 116, NULL, NULL, 'You are driving on a motorway. You have to slow down quickly due to a hazard. You should', 1, 4, 'switch on your hazard lights', 'switch on your headlights', 'sound your horn', 'flash your headlights', NULL, NULL, 'Y', NULL, NULL, NULL, NULL, NULL, 'A', 'CAR', 'Y', NULL, NULL, NULL, 0, 'When there is a danger or an obstruction ahead on a motorway use your hazard warning lights to warn following drivers.', 'Using your hazard lights, as well as brake lights, will give following traffic an extra warning of the problem ahead. Only use them for long enough to ensure that your warning has been seen.', NULL, NULL, NULL, 1, 29, NULL, NULL),
(762, 10, 73, 1, 97, 12, 122, 93, NULL, NULL, 'Where is the safest place to park your vehicle at night?', 1, 4, 'In a garage', 'On a busy road', 'In a quiet car park', 'Near a red route', NULL, NULL, 'Y', NULL, NULL, NULL, NULL, NULL, 'A', 'CAR', 'Y', NULL, NULL, NULL, 0, 'You should always park your car in the garage if you have one. If you have to park your car on the street choose a position where the car is very visible. At night make sure the area is also well lit.', 'If you have a garage, use it. Your vehicle is less likely to be a victim of car crime if it’s in a garage. Also in winter the windows will be free from ice and snow.', NULL, NULL, NULL, 1, 4, NULL, NULL),
(786, 5, 55, 1, 7, 1, 33, 95, NULL, NULL, 'How does alcohol affect you?', 1, 4, 'It speeds up your reactions', 'It increases your awareness', 'It improves your co-ordination', 'It reduces your concentration', NULL, NULL, NULL, NULL, NULL, 'Y', NULL, NULL, 'D', 'CAR', 'Y', NULL, NULL, NULL, 0, 'Drinking alcohol can reduce concentration and co-ordination, slow reactions, give a false sense of confidence and seriously affect your judgement of speed, distance and risk. DO NOT DRINK AND DRIVE.', 'Concentration and good judgement are needed at all times to be a good, safe driver. Don’t put yourself or others at risk by drinking and driving.', NULL, NULL, NULL, 1, 39, NULL, NULL),
(799, 13, 56, 12, 52, 8, 5, 74, 16, NULL, 'You''re driving on a motorway. When can you use hazard warning lights?', 1, 4, 'When a vehicle is following too closely', 'When you slow down quickly because of danger ahead', 'When you’re towing another vehicle', 'When you’re driving on the hard shoulder', 'When you have broken down on the hard shoulder', NULL, NULL, 'Y', NULL, NULL, NULL, NULL, 'B', 'CAR', 'Y', NULL, NULL, NULL, 0, 'Hazard warning lights should be used when you have broken down and your vehicle is causing an obstruction or when travelling on a motorway to warn following drivers of an obstruction ahead.', 'Hazard warning lights will warn the traffic travelling behind you that there is a hazard ahead.', NULL, NULL, NULL, 1, 19, NULL, NULL),
(800, 14, 14, 7, 67, 12, 81, 92, NULL, NULL, 'Are passengers allowed to ride in a caravan that is being towed?', 1, 4, 'Yes, if they are over fourteen', 'No, not at any time', 'Only if all the seats in the towing vehicle are full', 'Only if a stabiliser is fitted', '', '', NULL, 'Y', NULL, NULL, NULL, NULL, 'B', 'CAR', 'Y', NULL, NULL, NULL, 0, 'When towing a caravan passengers must never be allowed to travel in the caravan when it is being towed.', 'Riding in a towed caravan is highly dangerous. The safety of the entire unit is dependent on the stability of the trailer. Moving passengers would make the caravan unstable and could cause loss of control.', NULL, NULL, NULL, 1, 7, NULL, NULL),
(836, 12, 15, 1, 1, 1, 12, 90, 92, 56, 'You must notify the licensing authority when', 1, 4, 'your health affects your driving', 'your work takes you abroad', 'you intend to lend your vehicle', 'your vehicle requires an MOT certificate', 'you change your vehicle', NULL, 'Y', NULL, NULL, NULL, NULL, NULL, 'A', 'CAR', 'Y', NULL, NULL, NULL, 0, 'If you suffer from any illness likely to affect your driving, or you sell/buy a car you are legally required to notify DVLA (Driver and Vehicle Licensing Authority).', 'The Driver and Vehicle Licensing Agency (DVLA) hold the records of all vehicles and drivers in Great Britain (DVA in Northern Ireland). They need to know of any change in circumstances so that they can keep their records up to date. Your health might affect your ability to drive safely. Don’t risk endangering your own safety or that of other road users.', NULL, NULL, NULL, 1, 42, NULL, NULL),
(843, 5, 54, 11, 1, 1, 31, 94, NULL, NULL, 'Which of the following types of glasses should NOT be worn when driving at night?', 1, 4, 'Half-moon', 'Round', 'Bi-focal', 'Tinted', NULL, NULL, NULL, NULL, NULL, 'Y', NULL, NULL, 'D', 'CAR', 'Y', NULL, NULL, NULL, 0, 'Sunglasses or tinted lenses will restrict your vision at night or in darkness.', 'If you are driving at night or in poor visibility, tinted lenses will reduce the efficiency of your vision, by reducing the amount of available light reaching your eyes.', NULL, NULL, NULL, 1, 40, NULL, NULL),
(895, 13, 46, 4, 74, 12, 72, 91, NULL, NULL, 'You are going through a long tunnel. What will warn you of congestion or an incident ahead? ', 1, 4, 'Hazard warning lines', 'Other drivers flashing their lights', 'Variable message signs', 'Areas marked with hatch markings', NULL, NULL, NULL, NULL, 'Y', NULL, NULL, NULL, 'C', 'BOTH', 'Y', 'Y', NULL, NULL, 0, 'When driving through a tunnel make sure you look out for variable message signs. These signs will provide warnings and orders as necessary.', 'Follow the instructions given by the signs or by tunnel officials. In congested tunnels a minor incident can soon turn into a major one with serious or even fatal results.', NULL, NULL, NULL, 1, 8, 1, 8),
(904, 1, 13, 7, 16, 3, 28, 144, NULL, NULL, 'You lose your way on a busy road. What is the best action to take?', 1, 4, 'Stop at traffic lights and ask pedestrians', 'Shout to other drivers to ask them the way', 'Turn into a side road, stop and check a map', 'Check a map, and keep going with the traffic flow', NULL, NULL, NULL, NULL, 'Y', NULL, NULL, NULL, 'C', 'CAR', 'Y', NULL, NULL, NULL, 0, 'Always try to park in a safe, legal and convenient place. If you are lost in a busy area find a quieter road to pull in and check your map.', 'It’s easy to lose your way in an unfamiliar area. If you need to check a map or ask for directions, first find a safe place to stop.', NULL, NULL, NULL, 1, 27, NULL, NULL),
(1336, 9, 46, 12, 103, 12, 146, 93, NULL, NULL, 'You are on a three-lane motorway and see this sign. It means you can use (NI exempt)', 1, 4, 'any lane except the hard shoulder', 'the hard shoulder only', 'the three right hand lanes only', 'all the lanes including the hard shoulder', '', '', NULL, NULL, NULL, 'Y', NULL, NULL, 'D', 'BOTH', 'Y', 'Y', 1, 'NI EX', 0, 'In an actively managed area if you see a mandatory speed limit sign displayed above the hard shoulder this means the hard shoulder can be used as a running lane. You must not exceed the speed limit displayed.', 'Mandatory speed limit signs above all lanes including the hard shoulder, show that you are in an Active Traffic Management (ATM) area. In this case you can use the hard shoulder as a running lane. You must stay within the speed limit shown. Look out for any vehicles that may have broken down and be blocking the hard shoulder.', NULL, NULL, NULL, 1, 3, 1, 3),
(1353, 5, 97, 6, 65, 12, 100, 92, NULL, NULL, 'You are waiting to emerge at a junction. Your view is restricted by parked vehicles. What can help you to see traffic on the road you are joining?', 1, 4, 'Looking for traffic behind you', 'Reflections of traffic in shop windows', 'Making eye contact with other road users', 'Checking for traffic in your interior mirror', NULL, NULL, NULL, 'Y', NULL, NULL, NULL, NULL, 'B', 'CAR', 'Y', NULL, NULL, NULL, 0, 'As you approach a junction your zone of vision usually improves, but it can be blocked by parked cars. If there are shops windows or objects with reflective surfaces you may be able to use these to help you determine if it is safe to emerge.', 'When your view is restricted into the new road you must still be completely sure it is safe to emerge. Try to look for traffic through the windows of the parked cars or the reflections in shop windows. Keep looking in all directions as you slowly edge forwards until you can see it is safe.', NULL, NULL, NULL, 1, 5, NULL, NULL),
(1369, 3, 34, 11, 78, 12, 168, 38, NULL, NULL, 'What percentage of all emissions does road transport account for?', 1, 4, '10%', '20%', '30%', '40%', NULL, NULL, NULL, 'Y', NULL, NULL, NULL, NULL, 'B', 'BOTH', 'Y', 'Y', NULL, NULL, 0, 'Transport currently accounts for 20% of all air pollution emissions in the world.', 'Transport is an essential part of modern life but it does have environmental effects. In heavily populated areas traffic is the biggest source of air pollution. Eco-safe driving and riding will reduce emissions and can make a surprising difference to local air quality.', NULL, NULL, NULL, 1, 1, 1, 1),
(1409, 13, 38, 3, 72, 11, 72, 58, NULL, NULL, 'An adult casualty is not breathing. To maintain circulation, compressions should be given. What is the correct depth to press?', 1, 4, '1 to 2 centimetres', '4 to 5 centimetres', '10 to 15 centimetres', '15 to 20 centimetres', NULL, NULL, NULL, 'Y', NULL, NULL, NULL, NULL, 'B', 'BOTH', 'Y', 'Y', NULL, NULL, 0, 'When giving CPR to an adult keep your arms straight and your fingers off the chest, press down by about 4 to 5 cms.', 'An adult casualty is not breathing normally. To maintain circulation place two hands on the centre of the chest. Then press down 4 to 5 centimetres at a rate of 100 times per minute.', NULL, NULL, NULL, 1, 10, 1, 10),
(1571, 5, NULL, NULL, NULL, NULL, NULL, 96, 109, NULL, 'Why should David check to see if the medication could cause drowsiness?', 1, 4, 'For future information, should he not be able to get to sleep', 'Because he shouldn’t drive if he has taken medicine that causes drowsiness', 'Because if it does he will only take one, to minimise the drowsiness', 'So he can take them well before he sets off', NULL, NULL, NULL, 'Y', NULL, NULL, NULL, NULL, 'B', 'CAR', 'Y', NULL, NULL, NULL, 2, 'It is a legal requirement that you are medically fit to drive and are not driving under the influence of drugs (medicinal or otherwise). Seek medical advice if you are unsure.', 'If you’re taking medicine or drugs prescribed by your doctor, check to ensure that they won’t make you drowsy. If you forget to ask at the time of your visit to the surgery, check with your pharmacist. Some over-the-counter medication can also cause drowsiness. Read the label and don’t drive if you are affected.', 2, 1, 1, 1, 46, NULL, NULL),
(1572, 10, NULL, NULL, NULL, NULL, NULL, 115, NULL, NULL, 'Is it necessary for David to use dipped headlights in daylight?', 1, 4, 'Yes, to help him see other vehicles more clearly', 'Yes to improve his view of the road', 'Yes to illuminate road signs and help him see them more easily', 'Yes, so other drivers can see him easier in the dull conditions', NULL, NULL, NULL, NULL, NULL, 'Y', NULL, NULL, 'D', 'CAR', 'Y', NULL, NULL, NULL, 2, 'Dipped headlights make you more conspicuous in good daylight as well as poor visibility.', 'You MUST use dipped headlights and/or fog lights in fog when visibility is seriously reduced to 100 metres (328 feet) or less. You should use dipped headlights, but NOT fog lights, when visibility is poor, such as in heavy rain.', 2, 2, 1, 1, 47, NULL, NULL),
(1573, 5, NULL, NULL, NULL, NULL, NULL, 91, 145, NULL, 'Why is David feeling sleepy after driving for a while?', 1, 4, 'Because he was late in bed the night before', 'Because long motorway journeys can be boring', 'Because has been awake since early in the morning', 'Because he has been working hard all week', NULL, NULL, NULL, 'Y', NULL, NULL, NULL, NULL, 'B', 'CAR', 'Y', NULL, NULL, NULL, 2, 'The monotony of driving on motorways can make you feel sleepy.', 'Long-distance driving can be boring. This, coupled with a stuffy, warm vehicle, can make you feel tired. Make sure you take rest breaks to keep yourself awake and alert. Stop in a safe place before you get to the stage of fighting sleep.', 2, 3, 1, 1, 48, NULL, NULL),
(1574, 5, NULL, NULL, NULL, NULL, NULL, 91, 146, NULL, ' What should David do to make him feel less sleepy?', 1, 4, 'Drive slowly and have a cup of strong coffee when he gets to the airport', 'Drive quickly to relieve the boredom', 'Stop in a service area, drink a caffeinated drink and then take a short nap', 'Stop on the hard shoulder and take a short walk before setting off again.', NULL, NULL, NULL, NULL, 'Y', NULL, NULL, NULL, 'C', 'CAR', 'Y', NULL, NULL, NULL, 2, 'Driving when tired increases your risk of collision. Find a safe place to stop, have a cup of coffee and take a short nap (at least 15 minutes). This will help you to recover and the caffeine from the coffee will start to take effect after you have woken up.', 'Driving when tired increases your risk of collision. Find a safe place to stop, have a cup of coffee and take a short nap. This will help you to recover and the caffeine from the coffee will start to take effect after you have woken up.', 2, 4, 1, 1, 49, NULL, NULL),
(1575, 5, NULL, NULL, NULL, NULL, NULL, 91, NULL, NULL, 'What can David do to stop himself feeling sleepy until he gets the chance to stop?', 1, 4, 'Open the window for some fresh air', 'Turn the heater up to full', 'Turn on the radio and sing along', 'Eat a chocolate bar', NULL, NULL, 'Y', NULL, NULL, NULL, NULL, NULL, 'A', 'CAR', 'Y', NULL, NULL, NULL, 2, 'If you start to feel sleepy open a window and turn down the heat until you can find a safe place to stop for a short nap.', 'Make sure that the vehicle you’re driving is well ventilated. A warm, stuffy atmosphere will make you feel drowsy. Open a window and turn down the heating.', 2, 5, 1, 1, 50, NULL, NULL);